[
  {
    "id": "49aab95e-32f2-4219-b5c9-bf2eda23b6c4",
    "data": [
      {
        "text": "go",
        "userDefined": false
      }
    ],
    "isTemplate": false,
    "count": 0,
    "updated": 1531566491
  },
  {
    "id": "6a19f222-16b4-46aa-be50-f52e94848e77",
    "data": [
      {
        "text": "start",
        "userDefined": false
      }
    ],
    "isTemplate": false,
    "count": 0,
    "updated": 1531566491
  },
  {
    "id": "24a6ce13-0962-4615-9621-68daff2aae48",
    "data": [
      {
        "text": "right",
        "userDefined": false
      }
    ],
    "isTemplate": false,
    "count": 0,
    "updated": 1531566491
  },
  {
    "id": "3ef56ec0-2f5f-46e5-b517-7ea7c8f377fe",
    "data": [
      {
        "text": "correct",
        "userDefined": false
      }
    ],
    "isTemplate": false,
    "count": 0,
    "updated": 1531566491
  },
  {
    "id": "5e8c630a-e824-4613-8402-6402dbd9343e",
    "data": [
      {
        "text": "do it",
        "userDefined": false
      }
    ],
    "isTemplate": false,
    "count": 0,
    "updated": 1531566491
  },
  {
    "id": "421658d5-7eb4-4359-b3c8-897c18d171b6",
    "data": [
      {
        "text": "common",
        "userDefined": false
      }
    ],
    "isTemplate": false,
    "count": 0,
    "updated": 1531566491
  },
  {
    "id": "83f81687-6e30-47fc-a1e4-8caf2dbbd4cc",
    "data": [
      {
        "text": "sure",
        "userDefined": false
      }
    ],
    "isTemplate": false,
    "count": 0,
    "updated": 1531566491
  },
  {
    "id": "3d4babf8-da25-4593-a51e-8db0b837e13b",
    "data": [
      {
        "text": "yes",
        "userDefined": false
      }
    ],
    "isTemplate": false,
    "count": 0,
    "updated": 1531566491
  }
]