[
  {
    "id": "3eb748f9-8d85-4449-a732-956ba6a98ff1",
    "data": [
      {
        "text": "maybe",
        "userDefined": false
      }
    ],
    "isTemplate": false,
    "count": 0,
    "updated": 1531569608
  },
  {
    "id": "b132561d-afd6-44ff-b790-73bd530213eb",
    "data": [
      {
        "text": "true",
        "userDefined": false
      }
    ],
    "isTemplate": false,
    "count": 0,
    "updated": 1531474626
  },
  {
    "id": "4cd568dc-8566-4bf3-a768-2ee51765d8dd",
    "data": [
      {
        "text": "let\u0027s try",
        "userDefined": false
      }
    ],
    "isTemplate": false,
    "count": 0,
    "updated": 1531474626
  },
  {
    "id": "fb2a2b41-fec0-4461-8616-3d22763e87d4",
    "data": [
      {
        "text": "common",
        "userDefined": false
      }
    ],
    "isTemplate": false,
    "count": 0,
    "updated": 1531474626
  },
  {
    "id": "f8bb1623-2366-45d4-83cf-a65fc363aa7d",
    "data": [
      {
        "text": "okay",
        "userDefined": false
      }
    ],
    "isTemplate": false,
    "count": 0,
    "updated": 1531474626
  },
  {
    "id": "4a8eb189-4667-42bc-aa19-d7a70828ffc9",
    "data": [
      {
        "text": "ok",
        "userDefined": false
      }
    ],
    "isTemplate": false,
    "count": 0,
    "updated": 1531474626
  },
  {
    "id": "2ebb2928-9fc3-408c-8697-e037ee38b46d",
    "data": [
      {
        "text": "do it",
        "userDefined": false
      }
    ],
    "isTemplate": false,
    "count": 0,
    "updated": 1531474626
  },
  {
    "id": "901aee75-2c63-4d8c-9839-1997f1ff5652",
    "data": [
      {
        "text": "sure",
        "userDefined": false
      }
    ],
    "isTemplate": false,
    "count": 0,
    "updated": 1531474626
  },
  {
    "id": "703222c6-1ca2-4a18-8922-d2be6f1090c1",
    "data": [
      {
        "text": "yes",
        "userDefined": false
      }
    ],
    "isTemplate": false,
    "count": 0,
    "updated": 1531474626
  }
]