[
  {
    "id": "00163b53-96b7-4fbf-83f5-9e06c8dee754",
    "data": [
      {
        "text": "start afresh",
        "userDefined": false
      }
    ],
    "isTemplate": false,
    "count": 0,
    "updated": 1531719710
  },
  {
    "id": "0a853c7d-7b34-4924-bc28-8dad5e4c35fc",
    "data": [
      {
        "text": "from the beginning",
        "userDefined": false
      }
    ],
    "isTemplate": false,
    "count": 0,
    "updated": 1531719710
  },
  {
    "id": "b53c86b9-05d5-4254-9ddc-bc615238a094",
    "data": [
      {
        "text": "start again",
        "userDefined": false
      }
    ],
    "isTemplate": false,
    "count": 0,
    "updated": 1531719710
  },
  {
    "id": "4cc6ecd0-15b0-4192-a418-192495580f8f",
    "data": [
      {
        "text": "restart",
        "userDefined": false
      }
    ],
    "isTemplate": false,
    "count": 0,
    "updated": 1531719710
  },
  {
    "id": "53457f76-fdc3-4da1-b127-6bbf00a8176a",
    "data": [
      {
        "text": "reset",
        "userDefined": false
      }
    ],
    "isTemplate": false,
    "count": 0,
    "updated": 1531719710
  }
]