[
  {
    "id": "1ba1d54c-e3d0-47e6-813f-88ebaae71360",
    "data": [
      {
        "text": "start afresh",
        "userDefined": false
      }
    ],
    "isTemplate": false,
    "count": 0,
    "updated": 1531818973
  },
  {
    "id": "0eb1e6a8-b9a3-4fcb-a044-9d21d75b248e",
    "data": [
      {
        "text": "from the beginning",
        "userDefined": false
      }
    ],
    "isTemplate": false,
    "count": 0,
    "updated": 1531818973
  },
  {
    "id": "a6021537-3594-4a8f-bf5f-282072253913",
    "data": [
      {
        "text": "start again",
        "userDefined": false
      }
    ],
    "isTemplate": false,
    "count": 0,
    "updated": 1531818973
  },
  {
    "id": "9ebfc77b-8ced-49ff-a67b-7a273dfe44a3",
    "data": [
      {
        "text": "restart",
        "userDefined": false
      }
    ],
    "isTemplate": false,
    "count": 0,
    "updated": 1531818973
  },
  {
    "id": "32abfc2b-4f7b-4f89-b2c6-efec72a1526e",
    "data": [
      {
        "text": "reset",
        "userDefined": false
      }
    ],
    "isTemplate": false,
    "count": 0,
    "updated": 1531818973
  }
]