[
  {
    "id": "5712a973-3cac-456f-8968-9cfa2250b42a",
    "data": [
      {
        "text": "afternoon",
        "userDefined": false
      }
    ],
    "isTemplate": false,
    "count": 0,
    "updated": 1531567132
  },
  {
    "id": "be8bed3c-a4e2-4be7-823e-28a35aa931e2",
    "data": [
      {
        "text": "hello there",
        "userDefined": false
      }
    ],
    "isTemplate": false,
    "count": 1,
    "updated": 1531567132
  },
  {
    "id": "58820638-01f8-4f66-9541-088eee26f1ab",
    "data": [
      {
        "text": "hi",
        "meta": "@sys.ignore",
        "userDefined": true
      },
      {
        "text": " there",
        "userDefined": false
      }
    ],
    "isTemplate": false,
    "count": 0,
    "updated": 1531567132
  },
  {
    "id": "8d029e7a-2060-43e6-ac56-06ce35bb44f0",
    "data": [
      {
        "text": "hello hi",
        "userDefined": false
      }
    ],
    "isTemplate": false,
    "count": 0,
    "updated": 1531567132
  },
  {
    "id": "4c6c460a-9b56-444f-930d-7b2c876eb26e",
    "data": [
      {
        "text": "hey",
        "userDefined": false
      }
    ],
    "isTemplate": false,
    "count": 0,
    "updated": 1531567132
  },
  {
    "id": "4d1ca71a-275e-44c2-84ea-5fccba55adc7",
    "data": [
      {
        "text": "I greet you",
        "userDefined": false
      }
    ],
    "isTemplate": false,
    "count": 0,
    "updated": 1531567132
  },
  {
    "id": "bb0da168-f940-4332-96c4-50daea213f39",
    "data": [
      {
        "text": "lovely",
        "meta": "@sys.ignore",
        "userDefined": true
      },
      {
        "text": " ",
        "userDefined": false
      },
      {
        "text": "day",
        "meta": "@sys.ignore",
        "userDefined": true
      },
      {
        "text": " isn\u0027t ",
        "userDefined": false
      },
      {
        "text": "it",
        "meta": "@sys.ignore",
        "userDefined": true
      }
    ],
    "isTemplate": false,
    "count": 0,
    "updated": 1531567132
  },
  {
    "id": "b652cfc4-1541-4d8a-9269-d4a121f52532",
    "data": [
      {
        "text": "howdy",
        "userDefined": false
      }
    ],
    "isTemplate": false,
    "count": 0,
    "updated": 1531567132
  },
  {
    "id": "2400f528-84f2-414b-8e3b-ba8ff3b86547",
    "data": [
      {
        "text": "hi there",
        "userDefined": false
      }
    ],
    "isTemplate": false,
    "count": 0,
    "updated": 1531567132
  },
  {
    "id": "f6c24e23-466c-48d4-a33c-b89795d21ea7",
    "data": [
      {
        "text": "hi",
        "userDefined": false
      }
    ],
    "isTemplate": false,
    "count": 0,
    "updated": 1531567132
  },
  {
    "id": "9519cd15-ec6e-4fff-aca6-762f21584731",
    "data": [
      {
        "text": "hey there",
        "userDefined": false
      }
    ],
    "isTemplate": false,
    "count": 1,
    "updated": 1531567132
  },
  {
    "id": "c312a129-c379-4890-a64b-574d8b6199a2",
    "data": [
      {
        "text": "heya",
        "userDefined": false
      }
    ],
    "isTemplate": false,
    "count": 0,
    "updated": 1531567132
  },
  {
    "id": "f8c53959-f9f7-4e6a-a99b-0e67573316d0",
    "data": [
      {
        "text": "just going to say hi",
        "userDefined": false
      }
    ],
    "isTemplate": false,
    "count": 0,
    "updated": 1531567132
  },
  {
    "id": "0aacd378-7cf6-467f-a75e-350ece99c13e",
    "data": [
      {
        "text": "hello again",
        "userDefined": false
      }
    ],
    "isTemplate": false,
    "count": 1,
    "updated": 1531567132
  },
  {
    "id": "61322842-5bf3-4b7b-af3d-f1184670b336",
    "data": [
      {
        "text": "greetings",
        "userDefined": false
      }
    ],
    "isTemplate": false,
    "count": 0,
    "updated": 1531567132
  },
  {
    "id": "99f6bc00-16c2-4d4a-a8d3-20421f9525f1",
    "data": [
      {
        "text": "long",
        "meta": "@sys.ignore",
        "userDefined": true
      },
      {
        "text": " time no see",
        "userDefined": false
      }
    ],
    "isTemplate": false,
    "count": 0,
    "updated": 1531567132
  },
  {
    "id": "67dc47ea-9dcd-4642-adde-a6ad34290fbd",
    "data": [
      {
        "text": "a good day",
        "userDefined": false
      }
    ],
    "isTemplate": false,
    "count": 0,
    "updated": 1531567132
  },
  {
    "id": "796cba08-6af7-4002-9eef-9732185a46eb",
    "data": [
      {
        "text": "hello",
        "userDefined": false
      }
    ],
    "isTemplate": false,
    "count": 0,
    "updated": 1531567132
  }
]