[
  {
    "id": "89f28fb6-7328-4eeb-a13b-3ee6e1d03d67",
    "data": [
      {
        "text": "not needed",
        "userDefined": false
      }
    ],
    "isTemplate": false,
    "count": 0,
    "updated": 1531569808
  },
  {
    "id": "f5936663-2f1b-438b-9656-c5a8a5c08593",
    "data": [
      {
        "text": "no sorry",
        "userDefined": false
      }
    ],
    "isTemplate": false,
    "count": 0,
    "updated": 1531569808
  },
  {
    "id": "d529ca0e-a589-44ef-8d9e-0b74bf6a6cf3",
    "data": [
      {
        "text": "no",
        "userDefined": false
      }
    ],
    "isTemplate": false,
    "count": 0,
    "updated": 1531569808
  },
  {
    "id": "503cb8d7-7f57-4975-bd3a-e43e5969f812",
    "data": [
      {
        "text": "no incorrect",
        "userDefined": false
      }
    ],
    "isTemplate": false,
    "count": 0,
    "updated": 1531569808
  },
  {
    "id": "1d6452fb-c84c-415a-85a9-603ac320cb23",
    "data": [
      {
        "text": "apparently not",
        "userDefined": false
      }
    ],
    "isTemplate": false,
    "count": 0,
    "updated": 1531569808
  },
  {
    "id": "de6f0d9b-0666-49b9-9e9e-140ed1cfd273",
    "data": [
      {
        "text": "of",
        "meta": "@sys.ignore",
        "userDefined": false
      },
      {
        "text": " course not",
        "userDefined": false
      }
    ],
    "isTemplate": false,
    "count": 0,
    "updated": 1531569808
  },
  {
    "id": "b5b7f92c-2bfb-4d4e-99f7-c81048829b32",
    "data": [
      {
        "text": "not at this time",
        "userDefined": false
      }
    ],
    "isTemplate": false,
    "count": 0,
    "updated": 1531569808
  },
  {
    "id": "57627e4f-b7be-4d25-b6b8-a505c4e8f072",
    "data": [
      {
        "text": "no forget",
        "userDefined": false
      }
    ],
    "isTemplate": false,
    "count": 0,
    "updated": 1531569808
  },
  {
    "id": "fa2cca74-4344-4700-83b9-dc37cade345a",
    "data": [
      {
        "text": "no thanks",
        "userDefined": false
      }
    ],
    "isTemplate": false,
    "count": 1,
    "updated": 1531569808
  },
  {
    "id": "040f51f9-9ed8-463a-a590-095156e671a9",
    "data": [
      {
        "text": "actually no",
        "userDefined": false
      }
    ],
    "isTemplate": false,
    "count": 1,
    "updated": 1531569808
  },
  {
    "id": "d5057618-bd51-46c4-8a2a-71a057dd8824",
    "data": [
      {
        "text": "no tanks",
        "userDefined": false
      }
    ],
    "isTemplate": false,
    "count": 0,
    "updated": 1531569808
  },
  {
    "id": "93ef8bb6-2e50-4c10-8358-405c6f1b7772",
    "data": [
      {
        "text": "absolutely no",
        "userDefined": false
      }
    ],
    "isTemplate": false,
    "count": 0,
    "updated": 1531569808
  },
  {
    "id": "c89e74f2-bde2-449a-8524-f4a3f3dfbe73",
    "data": [
      {
        "text": "don\u0027t",
        "userDefined": false
      }
    ],
    "isTemplate": false,
    "count": 0,
    "updated": 1531569808
  },
  {
    "id": "0f200d99-2fc0-4000-9a0c-070fac820212",
    "data": [
      {
        "text": "no ",
        "userDefined": false
      },
      {
        "text": "leave",
        "meta": "@sys.ignore",
        "userDefined": false
      },
      {
        "text": " ",
        "userDefined": false
      },
      {
        "text": "it",
        "meta": "@sys.ignore",
        "userDefined": false
      }
    ],
    "isTemplate": false,
    "count": 0,
    "updated": 1531569808
  },
  {
    "id": "21b59b24-12bb-4196-9bae-519a5ea823c4",
    "data": [
      {
        "text": "na",
        "userDefined": false
      }
    ],
    "isTemplate": false,
    "count": 0,
    "updated": 1531569808
  },
  {
    "id": "2d0447fa-3608-40dd-8e50-831f9705d3e7",
    "data": [
      {
        "text": "nope sorry",
        "userDefined": false
      }
    ],
    "isTemplate": false,
    "count": 0,
    "updated": 1531569808
  },
  {
    "id": "66c1622c-7b19-438b-b22b-fcc18bce6e8a",
    "data": [
      {
        "text": "not really",
        "userDefined": false
      }
    ],
    "isTemplate": false,
    "count": 1,
    "updated": 1531569808
  },
  {
    "id": "4ef8243b-4d09-4a0c-9734-23d8f47a2ac6",
    "data": [
      {
        "text": "no thank you though",
        "userDefined": false
      }
    ],
    "isTemplate": false,
    "count": 0,
    "updated": 1531569808
  },
  {
    "id": "d0b6e02d-d365-4df4-86e3-d91b5d00c26d",
    "data": [
      {
        "text": "don",
        "meta": "@sys.ignore",
        "userDefined": false
      },
      {
        "text": "\u0027t",
        "userDefined": false
      }
    ],
    "isTemplate": false,
    "count": 0,
    "updated": 1531569808
  },
  {
    "id": "c0f2f548-d8e8-42f4-9c5b-bb2889d4beea",
    "data": [
      {
        "text": "no ",
        "userDefined": false
      },
      {
        "text": "it\u0027s",
        "meta": "@sys.ignore",
        "userDefined": false
      },
      {
        "text": " not",
        "userDefined": false
      }
    ],
    "isTemplate": false,
    "count": 0,
    "updated": 1531569808
  },
  {
    "id": "41c42225-d321-452a-891c-39cf34746396",
    "data": [
      {
        "text": "no but thank you",
        "userDefined": false
      }
    ],
    "isTemplate": false,
    "count": 0,
    "updated": 1531569808
  },
  {
    "id": "1a336d09-a45e-4df4-8c19-bd5135bcd79e",
    "data": [
      {
        "text": "no actually",
        "userDefined": false
      }
    ],
    "isTemplate": false,
    "count": 1,
    "updated": 1531569808
  },
  {
    "id": "814e8d85-bc9a-47f1-bcb1-4a1a0be90cd5",
    "data": [
      {
        "text": "no ",
        "userDefined": false
      },
      {
        "text": "it",
        "meta": "@sys.ignore",
        "userDefined": false
      },
      {
        "text": " isn\u0027t",
        "userDefined": false
      }
    ],
    "isTemplate": false,
    "count": 0,
    "updated": 1531569808
  },
  {
    "id": "4de0f975-585a-4950-8908-7d213103c9cc",
    "data": [
      {
        "text": "no that\u0027s wrong",
        "userDefined": false
      }
    ],
    "isTemplate": false,
    "count": 0,
    "updated": 1531569808
  },
  {
    "id": "edec46ad-d39c-4c5a-9a1b-6d3bfe961302",
    "data": [
      {
        "text": "I ",
        "userDefined": false
      },
      {
        "text": "don",
        "meta": "@sys.ignore",
        "userDefined": false
      },
      {
        "text": "\u0027t want that",
        "userDefined": false
      }
    ],
    "isTemplate": false,
    "count": 0,
    "updated": 1531569808
  },
  {
    "id": "8d0d5de0-a3f4-4b5b-b5c8-5f6c4b0e691c",
    "data": [
      {
        "text": "no ",
        "userDefined": false
      },
      {
        "text": "thank you",
        "meta": "@sys.ignore",
        "userDefined": false
      },
      {
        "text": " not ",
        "userDefined": false
      },
      {
        "text": "right now",
        "meta": "@sys.ignore",
        "userDefined": false
      }
    ],
    "isTemplate": false,
    "count": 0,
    "updated": 1531569808
  },
  {
    "id": "482a1140-636f-4263-8e79-97cd97c2403b",
    "data": [
      {
        "text": "sorry no",
        "userDefined": false
      }
    ],
    "isTemplate": false,
    "count": 0,
    "updated": 1531569808
  },
  {
    "id": "9e7ecd44-6070-4a4b-a2c5-d17205259351",
    "data": [
      {
        "text": "nooo",
        "userDefined": false
      }
    ],
    "isTemplate": false,
    "count": 0,
    "updated": 1531569808
  },
  {
    "id": "7b8820a5-ae23-4e73-b9e8-033913d3e16a",
    "data": [
      {
        "text": "no thank you very much",
        "userDefined": false
      }
    ],
    "isTemplate": false,
    "count": 0,
    "updated": 1531569808
  },
  {
    "id": "875457f6-b748-47ec-b214-204c949b5553",
    "data": [
      {
        "text": "do not",
        "userDefined": false
      }
    ],
    "isTemplate": false,
    "count": 0,
    "updated": 1531569808
  },
  {
    "id": "dc220891-f6e0-47af-92da-3d93601ec0ce",
    "data": [
      {
        "text": "no do not",
        "userDefined": false
      }
    ],
    "isTemplate": false,
    "count": 0,
    "updated": 1531569808
  },
  {
    "id": "72ff8607-011b-463d-9a53-f558c21da8cc",
    "data": [
      {
        "text": "no don\u0027t",
        "userDefined": false
      }
    ],
    "isTemplate": false,
    "count": 0,
    "updated": 1531569808
  },
  {
    "id": "c3921e10-ea40-476b-a2f6-3b00553d970d",
    "data": [
      {
        "text": "no need thanks",
        "userDefined": false
      }
    ],
    "isTemplate": false,
    "count": 0,
    "updated": 1531569808
  },
  {
    "id": "05cf2d9e-0549-48f9-9601-96808d248a10",
    "data": [
      {
        "text": "I say no",
        "userDefined": false
      }
    ],
    "isTemplate": false,
    "count": 0,
    "updated": 1531569808
  },
  {
    "id": "575046f6-0350-4fb0-9fd7-690f7974e409",
    "data": [
      {
        "text": "I said no",
        "userDefined": false
      }
    ],
    "isTemplate": false,
    "count": 0,
    "updated": 1531569808
  },
  {
    "id": "e5d81156-04a3-479e-aa0f-46b176086911",
    "data": [
      {
        "text": "not ",
        "userDefined": false
      },
      {
        "text": "today",
        "meta": "@sys.ignore",
        "userDefined": false
      }
    ],
    "isTemplate": false,
    "count": 0,
    "updated": 1531569808
  },
  {
    "id": "a4419869-aa0b-40ed-82dc-c9e7f98b2a0d",
    "data": [
      {
        "text": "not that",
        "userDefined": false
      }
    ],
    "isTemplate": false,
    "count": 0,
    "updated": 1531569808
  },
  {
    "id": "a63acf7d-cfed-4694-ae6b-2822d1978a41",
    "data": [
      {
        "text": "no ",
        "userDefined": false
      },
      {
        "text": "don\u0027",
        "meta": "@sys.ignore",
        "userDefined": false
      },
      {
        "text": "t do that",
        "userDefined": false
      }
    ],
    "isTemplate": false,
    "count": 0,
    "updated": 1531569808
  },
  {
    "id": "a9d2cfb4-dc31-4faa-ad6f-30899d4a1346",
    "data": [
      {
        "text": "absolutely not",
        "userDefined": false
      }
    ],
    "isTemplate": false,
    "count": 1,
    "updated": 1531569808
  },
  {
    "id": "85a8834e-80f6-46db-a00c-c038822a930f",
    "data": [
      {
        "text": "no just no",
        "userDefined": false
      }
    ],
    "isTemplate": false,
    "count": 0,
    "updated": 1531569808
  },
  {
    "id": "ca8520a3-5857-466d-8d10-faff6f802213",
    "data": [
      {
        "text": "don t have a sense",
        "userDefined": false
      }
    ],
    "isTemplate": false,
    "count": 0,
    "updated": 1531569808
  },
  {
    "id": "c728d487-f016-4dc5-a120-70a10dcbe46c",
    "data": [
      {
        "text": "not really no",
        "userDefined": false
      }
    ],
    "isTemplate": false,
    "count": 0,
    "updated": 1531569808
  },
  {
    "id": "382d5e61-db08-45f0-b5d6-dcb3d13b5cd3",
    "data": [
      {
        "text": "not exactly",
        "userDefined": false
      }
    ],
    "isTemplate": false,
    "count": 0,
    "updated": 1531569808
  },
  {
    "id": "44abb715-baf8-4451-a3e8-88af81ca0017",
    "data": [
      {
        "text": "no thanks not right now",
        "userDefined": false
      }
    ],
    "isTemplate": false,
    "count": 0,
    "updated": 1531569808
  },
  {
    "id": "f09ed7bd-7732-4d53-be6b-5b11b0d4a1f1",
    "data": [
      {
        "text": "thanks but no thanks",
        "userDefined": false
      }
    ],
    "isTemplate": false,
    "count": 0,
    "updated": 1531569808
  },
  {
    "id": "b636984f-f78d-48f2-a749-7110abc5cb78",
    "data": [
      {
        "text": "I think no",
        "userDefined": false
      }
    ],
    "isTemplate": false,
    "count": 0,
    "updated": 1531569808
  },
  {
    "id": "fb3f6351-7981-49f7-afe1-ecc63cbe0906",
    "data": [
      {
        "text": "not interested",
        "userDefined": false
      }
    ],
    "isTemplate": false,
    "count": 0,
    "updated": 1531569808
  },
  {
    "id": "42fe2c9d-555d-4ac7-a219-e13de382189f",
    "data": [
      {
        "text": "I ",
        "userDefined": false
      },
      {
        "text": "don\u0027t",
        "meta": "@sys.ignore",
        "userDefined": false
      },
      {
        "text": " want to",
        "userDefined": false
      }
    ],
    "isTemplate": false,
    "count": 0,
    "updated": 1531569808
  },
  {
    "id": "5aef7800-2bae-443e-b2e8-f9eeac7b3e0d",
    "data": [
      {
        "text": "I\u0027m not",
        "userDefined": false
      }
    ],
    "isTemplate": false,
    "count": 1,
    "updated": 1531569808
  },
  {
    "id": "c2fc738e-df31-4f04-b240-e561cf2bbae3",
    "data": [
      {
        "text": "no that\u0027s ",
        "userDefined": false
      },
      {
        "text": "fine",
        "meta": "@sys.ignore",
        "userDefined": false
      },
      {
        "text": " ",
        "userDefined": false
      },
      {
        "text": "thank you",
        "meta": "@sys.ignore",
        "userDefined": false
      }
    ],
    "isTemplate": false,
    "count": 0,
    "updated": 1531569808
  },
  {
    "id": "0cac7af2-9bbc-49d5-9d03-d24ac4f59fa1",
    "data": [
      {
        "text": "no way",
        "userDefined": false
      }
    ],
    "isTemplate": false,
    "count": 0,
    "updated": 1531569808
  },
  {
    "id": "ce1d2467-cdcf-4915-9748-bc2d83d63e8b",
    "data": [
      {
        "text": "not this time",
        "userDefined": false
      }
    ],
    "isTemplate": false,
    "count": 1,
    "updated": 1531569808
  },
  {
    "id": "0f80303e-ee5b-4ec4-89e3-93639f298fb4",
    "data": [
      {
        "text": "not ",
        "userDefined": false
      },
      {
        "text": "right now",
        "meta": "@sys.ignore",
        "userDefined": false
      },
      {
        "text": " thanks",
        "userDefined": false
      }
    ],
    "isTemplate": false,
    "count": 0,
    "updated": 1531569808
  },
  {
    "id": "ec309667-bcb1-4f3b-bee7-f2b532926c06",
    "data": [
      {
        "text": "I ",
        "userDefined": false
      },
      {
        "text": "don\u0027t",
        "meta": "@sys.ignore",
        "userDefined": false
      },
      {
        "text": " think so",
        "userDefined": false
      }
    ],
    "isTemplate": false,
    "count": 0,
    "updated": 1531569808
  },
  {
    "id": "304e5e02-840a-49e4-a8be-88b293d8cb8d",
    "data": [
      {
        "text": "I disagree",
        "userDefined": false
      }
    ],
    "isTemplate": false,
    "count": 0,
    "updated": 1531569808
  },
  {
    "id": "b8d7c562-d381-4b28-af7e-8ce5b8d490af",
    "data": [
      {
        "text": "no never",
        "userDefined": false
      }
    ],
    "isTemplate": false,
    "count": 0,
    "updated": 1531569808
  },
  {
    "id": "491b3e64-611f-4207-89dc-af4e4395d7ee",
    "data": [
      {
        "text": "no I ",
        "userDefined": false
      },
      {
        "text": "don\u0027t",
        "meta": "@sys.ignore",
        "userDefined": false
      }
    ],
    "isTemplate": false,
    "count": 0,
    "updated": 1531569808
  },
  {
    "id": "a9ac3ec2-3f3b-4e4f-99dd-fb16a434175c",
    "data": [
      {
        "text": "let \u0027s not",
        "userDefined": false
      }
    ],
    "isTemplate": false,
    "count": 0,
    "updated": 1531569808
  },
  {
    "id": "7175f1f4-c29f-4bf0-8fe8-82d53bdc0cb5",
    "data": [
      {
        "text": "no need",
        "userDefined": false
      }
    ],
    "isTemplate": false,
    "count": 0,
    "updated": 1531569808
  },
  {
    "id": "0d8177c9-43b2-4a54-a6b7-335ce43de1ca",
    "data": [
      {
        "text": "how ",
        "userDefined": false
      },
      {
        "text": "about",
        "meta": "@sys.ignore",
        "userDefined": false
      },
      {
        "text": " no",
        "userDefined": false
      }
    ],
    "isTemplate": false,
    "count": 0,
    "updated": 1531569808
  },
  {
    "id": "b969aa6a-22bd-454d-8b87-7b5a1cb6386a",
    "data": [
      {
        "text": "definitely not",
        "userDefined": false
      }
    ],
    "isTemplate": false,
    "count": 0,
    "updated": 1531569808
  },
  {
    "id": "fe884702-c20c-454a-8627-54d9bc9e00ed",
    "data": [
      {
        "text": "no I would not",
        "userDefined": false
      }
    ],
    "isTemplate": false,
    "count": 0,
    "updated": 1531569808
  },
  {
    "id": "33c7fa45-46c5-4d18-99ca-c25ae3f470cd",
    "data": [
      {
        "text": "disagree",
        "userDefined": false
      }
    ],
    "isTemplate": false,
    "count": 0,
    "updated": 1531569808
  },
  {
    "id": "dfe50c1b-0bcb-4e9a-841c-44011fbb2af3",
    "data": [
      {
        "text": "nah",
        "userDefined": false
      }
    ],
    "isTemplate": false,
    "count": 0,
    "updated": 1531569808
  },
  {
    "id": "c65a61a4-3292-4f94-8996-ca5f69bb5d40",
    "data": [
      {
        "text": "I ",
        "userDefined": false
      },
      {
        "text": "don",
        "meta": "@sys.ignore",
        "userDefined": false
      },
      {
        "text": "\u0027t want",
        "userDefined": false
      }
    ],
    "isTemplate": false,
    "count": 0,
    "updated": 1531569808
  },
  {
    "id": "c76e06cb-9261-4296-9c23-8033a53ccad9",
    "data": [
      {
        "text": "not this",
        "userDefined": false
      }
    ],
    "isTemplate": false,
    "count": 0,
    "updated": 1531569808
  },
  {
    "id": "90d95772-8955-4465-9a92-843165ed7e00",
    "data": [
      {
        "text": "nope",
        "userDefined": false
      }
    ],
    "isTemplate": false,
    "count": 1,
    "updated": 1531569808
  }
]