[
  {
    "id": "8a2450a0-a975-43a0-b98a-ad94ebacf690",
    "data": [
      {
        "text": "afternoon",
        "userDefined": false
      }
    ],
    "isTemplate": false,
    "count": 0,
    "updated": 1531567132
  },
  {
    "id": "6de3a816-2fee-405b-8e04-1935769665b2",
    "data": [
      {
        "text": "hello there",
        "userDefined": false
      }
    ],
    "isTemplate": false,
    "count": 1,
    "updated": 1531567132
  },
  {
    "id": "9e0f5757-374a-422a-9a61-201d5e6c8ccc",
    "data": [
      {
        "text": "hi",
        "meta": "@sys.ignore",
        "userDefined": true
      },
      {
        "text": " there",
        "userDefined": false
      }
    ],
    "isTemplate": false,
    "count": 0,
    "updated": 1531567132
  },
  {
    "id": "7881b6fa-2c4c-4959-8617-8caa6bd9bd2e",
    "data": [
      {
        "text": "hello hi",
        "userDefined": false
      }
    ],
    "isTemplate": false,
    "count": 0,
    "updated": 1531567132
  },
  {
    "id": "860b40bf-16bd-4503-9ca5-33b44f7c0532",
    "data": [
      {
        "text": "hey",
        "userDefined": false
      }
    ],
    "isTemplate": false,
    "count": 0,
    "updated": 1531567132
  },
  {
    "id": "94930337-4412-4d12-8fd5-a632c78b4628",
    "data": [
      {
        "text": "I greet you",
        "userDefined": false
      }
    ],
    "isTemplate": false,
    "count": 0,
    "updated": 1531567132
  },
  {
    "id": "b4130c5a-c837-4f28-99c9-5a5930a0fec2",
    "data": [
      {
        "text": "lovely",
        "meta": "@sys.ignore",
        "userDefined": true
      },
      {
        "text": " ",
        "userDefined": false
      },
      {
        "text": "day",
        "meta": "@sys.ignore",
        "userDefined": true
      },
      {
        "text": " isn\u0027t ",
        "userDefined": false
      },
      {
        "text": "it",
        "meta": "@sys.ignore",
        "userDefined": true
      }
    ],
    "isTemplate": false,
    "count": 0,
    "updated": 1531567132
  },
  {
    "id": "2e9cd98e-a088-4de9-8e5e-823ff80ef2d7",
    "data": [
      {
        "text": "howdy",
        "userDefined": false
      }
    ],
    "isTemplate": false,
    "count": 0,
    "updated": 1531567132
  },
  {
    "id": "93df84e5-eac0-4eb9-b3e6-99c76b84db1b",
    "data": [
      {
        "text": "hi there",
        "userDefined": false
      }
    ],
    "isTemplate": false,
    "count": 0,
    "updated": 1531567132
  },
  {
    "id": "efe3f39c-4a58-496e-9c9f-f4972b474dc4",
    "data": [
      {
        "text": "hi",
        "userDefined": false
      }
    ],
    "isTemplate": false,
    "count": 0,
    "updated": 1531567132
  },
  {
    "id": "266917b1-7b52-48a3-b644-83939386d830",
    "data": [
      {
        "text": "hey there",
        "userDefined": false
      }
    ],
    "isTemplate": false,
    "count": 1,
    "updated": 1531567132
  },
  {
    "id": "038c6d4d-5996-4473-bdc3-55a857bf5979",
    "data": [
      {
        "text": "heya",
        "userDefined": false
      }
    ],
    "isTemplate": false,
    "count": 0,
    "updated": 1531567132
  },
  {
    "id": "981ada99-6724-48a8-81cf-e541bd898412",
    "data": [
      {
        "text": "just going to say hi",
        "userDefined": false
      }
    ],
    "isTemplate": false,
    "count": 0,
    "updated": 1531567132
  },
  {
    "id": "d23f3149-8312-4e0d-ac05-618d594dd691",
    "data": [
      {
        "text": "hello again",
        "userDefined": false
      }
    ],
    "isTemplate": false,
    "count": 1,
    "updated": 1531567132
  },
  {
    "id": "73528716-78f0-45c7-a021-eeb73606cc92",
    "data": [
      {
        "text": "greetings",
        "userDefined": false
      }
    ],
    "isTemplate": false,
    "count": 0,
    "updated": 1531567132
  },
  {
    "id": "64f8755c-d04d-4f09-bf97-f02a2d048484",
    "data": [
      {
        "text": "long",
        "meta": "@sys.ignore",
        "userDefined": true
      },
      {
        "text": " time no see",
        "userDefined": false
      }
    ],
    "isTemplate": false,
    "count": 0,
    "updated": 1531567132
  },
  {
    "id": "96ccc68e-a9b8-488c-8945-5381b08bf502",
    "data": [
      {
        "text": "a good day",
        "userDefined": false
      }
    ],
    "isTemplate": false,
    "count": 0,
    "updated": 1531567132
  },
  {
    "id": "961f06d6-0eb2-4965-9574-12ceebc479c8",
    "data": [
      {
        "text": "hello",
        "userDefined": false
      }
    ],
    "isTemplate": false,
    "count": 0,
    "updated": 1531567132
  }
]