[
  {
    "id": "b2a35170-7fa3-48c1-9e92-a84abce343dc",
    "data": [
      {
        "text": "let\u0027s discuss something",
        "userDefined": false
      }
    ],
    "isTemplate": false,
    "count": 1,
    "updated": 1518110353
  },
  {
    "id": "492623f2-ff8c-4daf-abdb-87cd13dd6dbd",
    "data": [
      {
        "text": "let us talk",
        "userDefined": false
      }
    ],
    "isTemplate": false,
    "count": 0,
    "updated": 1518110353
  },
  {
    "id": "ada97917-35f8-4adb-9dff-5462b35bb946",
    "data": [
      {
        "text": "can we chat",
        "userDefined": false
      }
    ],
    "isTemplate": false,
    "count": 0,
    "updated": 1518110353
  },
  {
    "id": "b17a4715-130a-4e87-8aca-2df23af9c8b5",
    "data": [
      {
        "text": "I just want to talk",
        "userDefined": false
      }
    ],
    "isTemplate": false,
    "count": 0,
    "updated": 0
  },
  {
    "id": "593b3e21-a35a-43c8-8045-8015ee83e890",
    "data": [
      {
        "text": "let\u0027s talk",
        "userDefined": false
      }
    ],
    "isTemplate": false,
    "count": 0,
    "updated": 1518110353
  },
  {
    "id": "fca38c37-6098-4754-a03c-37f486b2c5ff",
    "data": [
      {
        "text": "I want to speak with you",
        "userDefined": false
      }
    ],
    "isTemplate": false,
    "count": 0,
    "updated": 1518110353
  },
  {
    "id": "71c1b4df-66a3-4ee5-af7a-72c22a85e236",
    "data": [
      {
        "text": "I want to talk to you",
        "userDefined": false
      }
    ],
    "isTemplate": false,
    "count": 0,
    "updated": 1518110353
  },
  {
    "id": "ee78a36c-26dd-40be-a3e0-f2a7769afca4",
    "data": [
      {
        "text": "I need to talk to you",
        "userDefined": false
      }
    ],
    "isTemplate": false,
    "count": 0,
    "updated": 1518110353
  },
  {
    "id": "8a826aa7-3cc0-4f95-9f6d-e7244b68e9e9",
    "data": [
      {
        "text": "can I speak",
        "userDefined": false
      }
    ],
    "isTemplate": false,
    "count": 0,
    "updated": 1518110353
  },
  {
    "id": "de64f7b8-6e65-430d-864f-6b9aef3838f1",
    "data": [
      {
        "text": "can I start speaking",
        "userDefined": false
      }
    ],
    "isTemplate": false,
    "count": 0,
    "updated": 0
  },
  {
    "id": "626e00e2-8915-4d45-8df1-3e39bc9ccdf8",
    "data": [
      {
        "text": "can we talk",
        "userDefined": false
      }
    ],
    "isTemplate": false,
    "count": 0,
    "updated": 1518110353
  },
  {
    "id": "af8fcd8f-91db-47e2-baf6-e226e1090736",
    "data": [
      {
        "text": "let\u0027s have a discussion",
        "userDefined": false
      }
    ],
    "isTemplate": false,
    "count": 0,
    "updated": 1518110353
  }
]