[
  {
    "id": "1a7a7ac7-123d-4f89-9260-459d7b46ed51",
    "data": [
      {
        "text": "I\u0027m not happy",
        "userDefined": false
      }
    ],
    "isTemplate": false,
    "count": 0,
    "updated": 1529441206
  },
  {
    "id": "bb049172-4d84-4428-ac49-483904d1ba60",
    "data": [
      {
        "text": "I\u0027m having a bad day",
        "userDefined": false
      }
    ],
    "isTemplate": false,
    "count": 0,
    "updated": 1529441206
  },
  {
    "id": "6716f84e-7e3d-4f14-867c-3de29fbe28b0",
    "data": [
      {
        "text": "I am feeling sad",
        "userDefined": false
      }
    ],
    "isTemplate": false,
    "count": 0,
    "updated": 1529441206
  },
  {
    "id": "a865110a-4336-4721-b4fb-d58e4ae7989a",
    "data": [
      {
        "text": "I am upset",
        "userDefined": false
      }
    ],
    "isTemplate": false,
    "count": 0,
    "updated": 1529441206
  },
  {
    "id": "aceeb59e-4853-4307-a827-b9faf62c4f42",
    "data": [
      {
        "text": "I",
        "meta": "@sys.ignore",
        "userDefined": false
      },
      {
        "text": " want ",
        "userDefined": false
      },
      {
        "text": "to",
        "meta": "@sys.ignore",
        "userDefined": false
      },
      {
        "text": " cry",
        "userDefined": false
      }
    ],
    "isTemplate": false,
    "count": 0,
    "updated": 1529441206
  },
  {
    "id": "e51ae7e1-65c9-4482-86f8-d8badef8b72a",
    "data": [
      {
        "text": "I am depressed",
        "userDefined": false
      }
    ],
    "isTemplate": false,
    "count": 0,
    "updated": 1529441206
  },
  {
    "id": "47b99a29-58e9-439f-a1f6-1a45f3584798",
    "data": [
      {
        "text": "I\u0027m unhappy",
        "userDefined": false
      }
    ],
    "isTemplate": false,
    "count": 0,
    "updated": 1529441206
  },
  {
    "id": "47a2835b-3e32-4aad-9584-ee566005792a",
    "data": [
      {
        "text": "I\u0027m grieving",
        "userDefined": false
      }
    ],
    "isTemplate": false,
    "count": 0,
    "updated": 1529441206
  },
  {
    "id": "cd90bd7f-c039-4a4b-8c28-d7052f102b19",
    "data": [
      {
        "text": "I am sad",
        "userDefined": false
      }
    ],
    "isTemplate": false,
    "count": 0,
    "updated": 1529441206
  }
]