[
  {
    "id": "bc188a7b-4e29-4a70-a27a-9acb7f70cc07",
    "data": [
      {
        "text": "I\u0027m really excited",
        "userDefined": false
      }
    ],
    "isTemplate": false,
    "count": 0,
    "updated": 1529428334
  },
  {
    "id": "c6c5cb30-44a0-4bc0-9e1a-8e58d4c78e73",
    "data": [
      {
        "text": "I\u0027m excited to start our friendship",
        "userDefined": false
      }
    ],
    "isTemplate": false,
    "count": 0,
    "updated": 1529428334
  },
  {
    "id": "abcb5232-7d00-48f8-82a8-5b3578c8cace",
    "data": [
      {
        "text": "I am excited",
        "userDefined": false
      }
    ],
    "isTemplate": false,
    "count": 0,
    "updated": 1529428334
  },
  {
    "id": "ca3fd710-c80d-42da-a99a-8fffc5cf6798",
    "data": [
      {
        "text": "how excited I am",
        "userDefined": false
      }
    ],
    "isTemplate": false,
    "count": 0,
    "updated": 1529428334
  },
  {
    "id": "a49f0b3f-59ea-48de-bf40-edcc5ddd0280",
    "data": [
      {
        "text": "I\u0027m excited about working with you",
        "userDefined": false
      }
    ],
    "isTemplate": false,
    "count": 0,
    "updated": 1529428334
  },
  {
    "id": "cef9fe77-1f60-4bfc-b33d-4c84b1b467e8",
    "data": [
      {
        "text": "I\u0027m thrilled",
        "userDefined": false
      }
    ],
    "isTemplate": false,
    "count": 0,
    "updated": 1529428334
  }
]